Precision arandela;Precision tornillo;Precision clavo;Precision tuerca;Precision global;Tiempo de ejecucion
0.0;0.5;1.0;0.5;0.5;8.25
0.0;0.5;1.0;0.0;0.3333333333333333;9.42
0.0;1.0;0.0;0.0;0.3333333333333333;9.74
0.0;0.5;1.0;0.0;0.3333333333333333;9.49
0.0;1.0;0.0;0.0;0.3333333333333333;9.72
0.0;0.5;1.0;0.5;0.5;8.29
0.0;0.5;1.0;0.5;0.5;8.24
0.0;0.5;1.0;0.5;0.5;8.08
0.0;0.5;1.0;0.5;0.5;8.0
0.0;0.5;1.0;0.0;0.3333333333333333;9.53
0.0;0.6;0.8;0.25;0.41666666666666663;8.876000000000001
