momento1;momento2;momento3;momento4;momento5;momento6;momento7;circularidad;convexidad;esbeltez;nombre
2.51;7.26;10.13;9.31;19.2;15.44;-19.16;0.8533161434559181;0.9913089281011325;1.1234566552740997;imagen
2.78;8.18;10.76;11.47;22.79;15.59;22.69;0.8995110852131801;0.9873116574147502;1.0;imagen
1.76;3.59;6.82;7.14;14.11;8.93;15.89;0.2793980403555143;0.6942788074133763;3.8954910788821016;imagen
1.6;3.21;7.41;7.53;14.99;9.13;17.41;0.13707986686641396;0.6988778054862843;10.14963664456062;imagen
